rx,ry,instrument_index,time_stamp
-9.430282634459157,16.684757477010375,0,1666901831.2108393
-13.091969357911621,17.648922962308706,0,1666901831.2767072
-12.38078847679656,17.156362019648405,0,1666901831.3432438
-12.31566974954316,16.4944928710741,0,1666901831.369458
-12.976197784845597,17.208436622220475,0,1666901831.4028628
-11.793283977487812,16.846687463709532,0,1666901831.4327934
-13.349436926677937,17.05320999476629,0,1666901831.4608853
-12.919792501385297,16.932520228195546,0,1666901831.4924288
-13.390799291603647,17.3231786698956,0,1666901831.5261698
-11.286555132940393,16.241781048347566,0,1666901831.552181
-11.68834944415056,16.06937137972345,0,1666901831.582138
-12.224901933296767,16.829002196212155,0,1666901831.6114469
-13.340838662381687,17.096498500466264,0,1666901831.6466837
-12.412765628991645,16.85567478298481,0,1666901831.680861
-11.848224047898785,16.226727660190218,0,1666901831.7162378
-12.75004298597913,16.845409685147818,0,1666901831.746394
-13.02680882667655,16.960051071647694,0,1666901831.7824907
-12.477300040293366,16.52993598879459,0,1666901831.812795
-12.48539997457251,16.72562640432274,0,1666901831.846348
-13.197542890890057,16.614594599364583,0,1666901831.8798122
-12.712139695887297,16.828290653732296,0,1666901831.9180298
-13.459271750799871,16.749527081297995,0,1666901831.945856
-13.564779842163219,16.955874947593397,0,1666901831.980985
-13.09196314844005,16.858901338952307,0,1666901832.0179281
-13.869274880462731,16.835238071061053,0,1666901832.0484316
-15.086433109195069,17.493445862670605,0,1666901832.0864303
-14.828731308972536,17.704111868457865,0,1666901832.1153522
-15.418360851402975,17.819226447250564,0,1666901832.1462111
-14.617371346824665,17.790651590087585,0,1666901832.1802378
-15.700516912671038,18.40450191764751,0,1666901832.214379
-16.72152440162559,18.508117994317054,0,1666901832.2483985
-16.242851810092304,18.781569580791228,0,1666901832.2820115
-15.881666979259096,18.3099016543192,0,1666901832.3143325
-15.431984439974856,18.229434668407347,0,1666901832.3482277
-17.432489571295267,19.264286165822373,0,1666901832.3806455
-15.56486455074442,19.203634627253095,0,1666901832.4141052
-14.657825479409077,19.074325015069164,0,1666901832.448408
-16.496563270705224,19.705837979253328,0,1666901832.4832711
-16.100198237169664,19.656645277495585,0,1666901832.5173554
-17.454090861091725,20.174880803080985,0,1666901832.5495822
-17.187940289217096,19.918391252507288,0,1666901832.5835116
-17.49269516658091,19.745892053441818,0,1666901832.6141322
-14.547742730224911,18.88201262850052,0,1666901832.649074
-16.492311521591585,18.868925288148805,0,1666901832.6813543
-15.795594353529879,18.83223363302222,0,1666901832.7134128
-15.192835466688788,19.049937452893865,0,1666901832.7473028
-15.28314245281214,19.242571579690523,0,1666901832.7820745
-13.047743210911936,18.721332073136818,0,1666901832.816101
-13.571059191535458,19.116960622669012,0,1666901832.8491788
-13.746025269995263,18.805278189447726,0,1666901832.880377
-12.540773292931622,19.0061303391683,0,1666901832.9224377
-12.438164733305484,19.22320248460454,0,1666901832.9576354
-12.824183610601901,19.409826530457238,0,1666901832.9865432
-12.039297819133319,19.2521153634728,0,1666901833.0138173
-8.997540694972123,18.678670004708184,0,1666901833.0493083
-9.625806101752131,18.861491982011863,0,1666901833.0826714
-9.707527768170776,19.04318867764117,0,1666901833.1276205
-8.568582920604403,19.237646640007082,0,1666901833.1634443
-8.988800713384704,19.3503148447712,0,1666901833.195132
-9.632582641411075,19.57173389468535,0,1666901833.233654
-9.592069303361036,19.78192684247046,0,1666901833.2623234
-7.374109803960038,19.57673137993755,0,1666901833.2914577
-6.963232044163143,19.961735984963067,0,1666901833.3216121
-9.388205339175215,20.331774269936645,0,1666901833.354354
-7.985120098734651,20.22892537419922,0,1666901833.3845205
-8.29100193815415,20.76831533917933,0,1666901833.415294
-8.83361643626783,20.57187928645421,0,1666901833.4502034
-8.162026089062666,20.734630342965396,0,1666901833.481475
-8.308481636170498,20.716620155548863,0,1666901833.5223386
-9.717594970183049,20.94318128021214,0,1666901833.5561917
-7.530143885287225,20.71822349017744,0,1666901833.587407
-8.428994434734205,20.238427916435544,0,1666901833.617744
-7.16516568290242,20.19939889377245,0,1666901833.656502
-8.706027452135046,20.77527311689631,0,1666901833.6943233
-7.497449826508875,19.89675810844718,0,1666901833.7257862
-6.882043679343114,20.18986077038868,0,1666901833.7555113
-7.837972332422353,19.84826195606841,0,1666901833.7844036
-5.015465650687343,19.459582544320092,0,1666901833.818402
-4.579197525542354,19.544027508158162,0,1666901833.8522122
-6.363236205754042,19.105612577277064,0,1666901833.8880582
-4.858171689220295,19.152074606189313,0,1666901833.916968
-4.792746284576164,19.077343555692902,0,1666901833.9504077
-4.430284124413717,19.05760856707356,0,1666901833.983696
-7.088412312223535,19.538379668061474,0,1666901834.0169716
-5.005959772950578,19.500094417973735,0,1666901834.0495603
-3.576950532755987,19.11599947071904,0,1666901834.0833268
-5.117543521347994,19.760001084699073,0,1666901834.1184433
-4.787798670938896,18.970862137337544,0,1666901834.1503637
-4.737841499579718,19.739083075226322,0,1666901834.1867743
-5.610270147675402,20.122616757578783,0,1666901834.216529
-5.581644586833131,19.55775860537582,0,1666901834.255115
-1.8927793043428636,19.151858827658874,0,1666901834.2840264
-5.217355973429577,19.472211502503665,0,1666901834.3165748
-5.969776883422234,19.686311194880055,0,1666901834.35107
-3.4656228565473692,19.71665346133621,0,1666901834.384183
-1.6988279432821756,19.179145499600917,0,1666901834.417024
-3.4958321079770203,19.878106789657593,0,1666901834.4512248
-2.5044590787379915,19.200102454768214,0,1666901834.4926102
-2.0098314379756212,19.237562097668317,0,1666901834.5199504
-3.8467425865592855,20.173713240873447,0,1666901834.5520792
-4.404927158913585,19.938080331538053,0,1666901834.5833921
-2.825925651941125,19.72265453066841,0,1666901834.6223927
-2.258087284558428,19.111870561761588,0,1666901834.656793
-2.0791151744610077,19.05945265509034,0,1666901834.6831832
-3.5142610776316947,19.823531801101236,0,1666901834.7224648
-4.950321997361696,19.799343559749246,0,1666901834.7541707
-3.372185839208408,19.875389216659507,0,1666901834.7894518
-3.011804237248283,19.928037925153845,0,1666901834.821185
-0.6898653765011383,19.268435502387888,0,1666901834.8559918
-3.06110308510382,20.038482020305075,0,1666901834.884848
-0.4029812783419576,19.40153055002694,0,1666901834.925372
-0.3322059285567916,19.39115799951035,0,1666901834.952983
-0.31975283937111343,19.36961725435205,0,1666901834.9862149
-1.7988165018031197,19.87559191601078,0,1666901835.0251305
-0.3035140244031194,19.389437984272387,0,1666901835.0589159
-3.7457039524738485,20.16464478550485,0,1666901835.0889752
-3.2641421125200063,19.98424756224803,0,1666901835.119203
-3.274787173061831,20.279345013657945,0,1666901835.15971
-1.2510192130190203,20.018223155923966,0,1666901835.1923943
-1.9499296188495285,20.087954636958127,0,1666901835.226558
-0.49935947840022876,20.00797485805782,0,1666901835.2584105
-1.0581392138450172,20.090486116463417,0,1666901835.291517
-3.091693905728885,20.70152356551317,0,1666901835.322809
-1.5497467903538586,20.454295511555657,0,1666901835.3557904
-0.8870148493784025,19.847976693352276,0,1666901835.3874872
-0.12946463970648842,20.084142064353337,0,1666901835.4255488
-1.5120270209304998,20.530982176850184,0,1666901835.4586732
-2.1040694632433503,20.098889339637932,0,1666901835.4876678
-0.31688264962081875,20.039864116715528,0,1666901835.5197058
0.06378953936293802,20.009357976147346,0,1666901835.5524664
-1.0979431954665269,19.879997668581908,0,1666901835.5859842
-1.475927519838686,19.87691082826836,0,1666901835.6193032
-0.9832040910935919,20.48631006226661,0,1666901835.6562014
0.8966301607823444,19.997064147598095,0,1666901835.6929946
0.24799582932786834,20.4589124842336,0,1666901835.721268
-1.9822596938322994,21.019952381558216,0,1666901835.7537427
0.24318189848812408,20.331677575369223,0,1666901835.7934442
1.3622406642521878,20.591372842588424,0,1666901835.8248396
0.4676297061589047,20.665172647419297,0,1666901835.8548827
0.9543030918960232,21.08764050924885,0,1666901835.8864028
-0.13800401056080866,21.514242481974097,0,1666901835.9264665
1.516035658483893,21.420666155444106,0,1666901835.9578228
-1.2616687283253836,21.913203902584527,0,1666901835.9921064
0.3875336875424748,21.9873874462151,0,1666901836.0290654
1.2438082037664353,21.845168672836657,0,1666901836.061243
-0.3753196670396627,22.222057117895314,0,1666901836.0933654
1.822399563547398,21.9674514235884,0,1666901836.1295323
1.1419202364709762,22.098750107826568,0,1666901836.15932
-0.01223241917009171,22.367760182239095,0,1666901836.186124
0.781603287797689,22.027162021143916,0,1666901836.2217343
0.6933221635687812,21.882319885437113,0,1666901836.2544067
0.8479516709910565,21.611932903318014,0,1666901836.288003
1.349336330690583,21.41291519510488,0,1666901836.3212059
0.49835471252104285,21.603710132047382,0,1666901836.3541806
0.47049345833008244,21.237518581066414,0,1666901836.3883846
-0.7733041016710792,20.900185507298506,0,1666901836.422247
0.8833012445879244,19.99711785322375,0,1666901836.4582973
-1.5657137484591503,20.2539815748678,0,1666901836.4906833
0.1705342639953773,19.63875810694193,0,1666901836.5258589
-1.231938819631057,19.001150649412395,0,1666901836.5596092
-1.2442993802255191,19.28080001873355,0,1666901836.5925066
-0.20308407379997537,18.387287825970187,0,1666901836.623953
-0.8358881509042723,18.281312424292203,0,1666901836.659192
0.3943532800034674,17.52483414856345,0,1666901836.691871
-2.8020266436652164,18.02738066024877,0,1666901836.7228963
-1.8569183411946297,17.40645271417468,0,1666901836.7555244
-1.413852046107232,16.722104867912737,0,1666901836.7884855
-1.8317442872954666,16.982954532778503,0,1666901836.8215528
-2.263518050734308,17.116662739802422,0,1666901836.8549275
-1.1962399432032988,16.763884179433582,0,1666901836.8892162
-1.7740160728067556,16.69617957929526,0,1666901836.9222808
-2.441535863604293,16.58240259915596,0,1666901836.9564154
-1.9003862419969535,16.543315006978066,0,1666901836.9892683
-1.8664624772937186,16.45619252074964,0,1666901837.0226974
-3.7901216900318198,16.78843400947369,0,1666901837.0557227
-2.7058988716786248,16.017821681931917,0,1666901837.0893788
-2.6205320531272958,15.826075037024063,0,1666901837.1292045
-1.4576500485190138,15.826573391562171,0,1666901837.1585505
-2.5964756872212145,15.517640063976506,0,1666901837.1886306
-2.4281877152247335,15.35013678938467,0,1666901837.2239091
-3.0838112117225887,15.552524665381087,0,1666901837.2551792
-3.033366999520685,15.407357519928429,0,1666901837.2879236
-1.0015010223454164,14.74045623005664,0,1666901837.3248212
-2.7903111756396326,15.103237855198678,0,1666901837.3592916
-2.0906781957602223,14.606099750059714,0,1666901837.3910706
-1.8789557649623951,14.568447658780777,0,1666901837.431975
-2.2104511774340985,14.487317008860314,0,1666901837.463242
-0.7770338887801672,14.258017020266713,0,1666901837.4928575
-2.162179060135411,14.68197467681004,0,1666901837.5255141
-0.8272530040751087,14.030276275136682,0,1666901837.557163
-0.7144757938742852,13.928175243149772,0,1666901837.591879
-0.9550175517417117,13.7421736724864,0,1666901837.625529
-0.7179769137294149,13.867248701538102,0,1666901837.656956
-0.5612739461550502,13.673777188289844,0,1666901837.6891737
-0.9092701755815563,13.7617269991239,0,1666901837.7230968
-1.0190972152300355,13.37358361971434,0,1666901837.7568052
-0.2942395900851049,13.390539383798261,0,1666901837.790997
-0.34097541686696464,13.382618639947692,0,1666901837.8220384
-1.248785289135126,13.601401638745383,0,1666901837.863747
-1.0664203097054825,13.54287291474413,0,1666901837.8925693
-0.7398869064367339,13.323724265730588,0,1666901837.9223156
-0.4217786243295053,13.272932557396949,0,1666901837.9591303
-0.6648974366539581,13.475583666290142,0,1666901837.996784
-0.39619697483117855,13.209191835386099,0,1666901838.0267527
-0.584714252161092,13.095790716309825,0,1666901838.0572278
-1.1297616216459134,12.918586544502897,0,1666901838.088755
-1.2192634804436522,13.140085002242113,0,1666901838.1241422
-0.8349931972236604,12.862446572167471,0,1666901838.157501
-0.5162955503396832,12.846764317718536,0,1666901838.1923783
-0.5979166030058033,12.854030630928493,0,1666901838.2230403
-2.1589943785478853,13.038369652662759,0,1666901838.2655165
-0.8989606327902083,12.538880733096558,0,1666901838.3007061
-0.980537462026953,12.712523645591203,0,1666901838.3303714
-1.9590289885492769,12.78203431861011,0,1666901838.359085
-0.5157913232465635,12.110095831024307,0,1666901838.392813
-1.1900061657326615,12.349455721824958,0,1666901838.4289193
-1.5181970690947875,12.005464607357442,0,1666901838.4579878
-2.0345531202920597,12.276828878183863,0,1666901838.494596
-1.549455943136174,12.289780187367725,0,1666901838.534102
-2.3037745696953205,12.138318124461373,0,1666901838.565782
-2.1807232065260624,12.043480555102487,0,1666901838.6012955
-2.2281463692011925,12.007838247816343,0,1666901838.6294503
-2.186462335219755,11.950554694387982,0,1666901838.6609085
-1.794912405772811,11.949918045176023,0,1666901838.6989162
-1.4992061528979834,11.351506277417863,0,1666901838.733742
-1.5724412431887589,11.426531461169082,0,1666901838.7663002
-1.399916873836336,11.739575772574183,0,1666901838.798603
-1.3726734833048129,11.481187431166806,0,1666901838.8333986
-1.0385930952450417,11.673217902212905,0,1666901838.86684
-2.001785129204205,12.262718226686529,0,1666901838.8970244
-2.0358419500685065,12.267939988508015,0,1666901838.9267757
-2.3227101704875284,12.01375149337519,0,1666901838.9613266
-1.9792611559474165,12.076211061915584,0,1666901838.9960277
-1.831933190970129,12.115346115274765,0,1666901839.0288405
-1.4649388207885368,11.663898257471843,0,1666901839.0623677
-2.3232659740636086,11.731313983235172,0,1666901839.1008117
-2.141566712018696,11.86308571644531,0,1666901839.1310449
-2.241528185392321,11.858682516299185,0,1666901839.160221
-2.45409932566594,11.488865473613872,0,1666901839.2001119
-1.7454467299016245,11.30442798453705,0,1666901839.2362542
-1.4567190860449712,11.226156420967644,0,1666901839.264867
-1.6418432895648827,11.195093761775192,0,1666901839.2985055
-2.1569313282495837,11.456120113146344,0,1666901839.328707
-2.281873882256309,11.332382227496048,0,1666901839.3623092
-2.3817361073038428,11.517498280933841,0,1666901839.400454
-1.4889062598561216,11.093559984987811,0,1666901839.4361382
-2.0308654140780833,11.326084776693445,0,1666901839.4637854
-2.2556205535587672,11.248731880831125,0,1666901839.4943473
-1.4580300200248366,10.987634258561204,0,1666901839.5271785
-2.168305656455306,11.043009084492798,0,1666901839.5674627
-2.304464726715474,11.362065150541127,0,1666901839.6012175
-2.99872175363127,11.294738420117115,0,1666901839.6359649
-1.8800064523550777,11.0028518382614,0,1666901839.6735184
-1.5682368008718983,10.727195861379,0,1666901839.7047124
-2.0845798457358367,10.873244759179977,0,1666901839.738228
-1.2137446506498946,10.719515255223415,0,1666901839.7685745
-1.2113624481152905,10.886868254647004,0,1666901839.7973795
-1.2312782803085043,10.909955070376208,0,1666901839.827643
-1.1858632293128468,10.802262134936463,0,1666901839.8624973
-0.9619244551075027,11.237496658593962,0,1666901839.893985
-1.0393678775972528,11.351363859815507,0,1666901839.9345572
-0.7205035126775211,11.162091659297394,0,1666901839.965402
-1.730134549224921,11.370364613343956,0,1666901839.9961617
-1.2799582228158912,11.034621791795159,0,1666901840.029653
-1.8707905060348964,11.443571384469925,0,1666901840.0625381
-1.635628816335374,11.266208353310935,0,1666901840.0961945
-1.9286999329899648,11.320631020174048,0,1666901840.1302235
-1.537199003423792,11.431740400621527,0,1666901840.1682217
-2.7206401966151894,11.540270614215771,0,1666901840.2002683
-1.841452189344581,11.087182931404605,0,1666901840.2285705
-2.74660335753758,11.08788616582229,0,1666901840.262407
-1.9843482017032876,10.975605832038841,0,1666901840.2962298
-2.6833350614101596,10.708837231946083,0,1666901840.3292625
-2.7018038470692125,11.088407699535207,0,1666901840.3626494
-3.2270843438590444,10.835015048363884,0,1666901840.39583
-2.639056408962082,10.680795862945034,0,1666901840.431014
-2.757567133328106,10.655107361795114,0,1666901840.4702065
-3.3852338062457976,10.833364552729012,0,1666901840.5050402
-3.8448338858022333,10.711299987010154,0,1666901840.5433302
-3.4023283289614374,10.499137976588598,0,1666901840.577407
-2.975590911489237,10.091057765201182,0,1666901840.6131268
-3.403818434478912,10.384764796985825,0,1666901840.6460302
-3.3506381335368602,9.937700174855355,0,1666901840.685339
-3.146341620306236,10.064040280248948,0,1666901840.7134848
-3.0127755362482933,10.182560480988288,0,1666901840.7441795
-3.413389473876276,10.532423233127314,0,1666901840.777247
-3.667246755775104,10.606876751713104,0,1666901840.8094573
-4.174576432796323,10.933730688255288,0,1666901840.848298
-4.105545130303154,10.914460653895269,0,1666901840.8845973
-3.1860353712344156,10.503975120416316,0,1666901840.9206076
-4.279975593098961,10.81696676298601,0,1666901840.9511197
-3.5211917304870255,10.246831320186645,0,1666901840.9794967
-4.6441798017378115,10.249285946872327,0,1666901841.0134127
-5.006578807393116,10.208652990316914,0,1666901841.0463262
-5.307888008436441,10.379106180476983,0,1666901841.082376
-6.0012579752756885,10.41510921595853,0,1666901841.11289
-6.860680287594443,10.765286950890621,0,1666901841.1426094
-7.024568082608632,10.720096871366556,0,1666901841.1723466
-7.731475310618133,11.102156043195123,0,1666901841.2047558
-8.0602304652,10.873223592045084,0,1666901841.237994
-8.039619217551094,10.9463405801836,0,1666901841.2684367
-8.232159775799117,10.860170560704688,0,1666901841.3023386
-8.346547200579245,11.266610178734803,0,1666901841.338481
-7.9581140332023805,11.164999246474261,0,1666901841.3689823
-8.061684399790263,11.089458126669415,0,1666901841.4051502
-7.281212920878366,11.238591004222387,0,1666901841.4402297
-6.807983529193532,11.362715441943738,0,1666901841.4795191
-6.217762364154577,11.479495985613513,0,1666901841.509533
-5.784316600254399,11.554652962925031,0,1666901841.5445876
-5.208046821279599,11.428890861968098,0,1666901841.5777707
-4.777925161549115,11.796321608586931,0,1666901841.60806
-3.267104967579976,11.798589124612594,0,1666901841.6430213
-3.121235443357582,12.213258005503217,0,1666901841.6801598
-3.1433593461336904,12.42700452940149,0,1666901841.7120764
-3.1737857533140694,12.730294632223861,0,1666901841.7456965
-1.8396874051156267,12.55345329937307,0,1666901841.7762866
-1.6156765749288036,12.99001237009272,0,1666901841.8137596
0.5137579446913763,12.475731532147979,0,1666901841.8475645
-1.1531791918603247,13.391213995306751,0,1666901841.8780298
-0.3746838699130274,13.391424496311885,0,1666901841.910925
-0.43315806037773646,13.573481150687561,0,1666901841.9437497
0.5822918757277654,13.65290277969009,0,1666901841.977327
0.40874572841843815,13.719522731118285,0,1666901842.009216
0.15081165233481547,14.33727466349907,0,1666901842.0443275
0.2707216335253446,14.443276914091623,0,1666901842.0833232
0.8151763433708896,14.830250944321248,0,1666901842.1187344
1.7890983989550517,14.62288565857739,0,1666901842.1482468
2.009220707680589,14.82638300142613,0,1666901842.1791983
1.663947111959694,15.070268315746574,0,1666901842.2061787
1.7215117769735722,15.152893012593417,0,1666901842.2469666
2.1334891811381587,15.223126267824085,0,1666901842.2843597
2.8585576369238157,15.087609247360339,0,1666901842.3140657
2.2589041574562696,15.440511161818586,0,1666901842.3455875
2.981326554687095,15.70452532987018,0,1666901842.379332
2.6853474545707936,15.693426536861745,0,1666901842.4112577
3.4309824704022325,15.709356023332298,0,1666901842.4460006
3.331958293037233,15.984533975085087,0,1666901842.4802563
3.9456034510100286,15.938975872219487,0,1666901842.5113966
4.024234606514712,16.05133077323016,0,1666901842.5457828
3.8962015006149127,16.012810801572723,0,1666901842.5791962
3.280566522191515,16.56370703787796,0,1666901842.6138916
3.3911358903362667,16.359504489443488,0,1666901842.6455865
3.113897020602463,15.926822883025947,0,1666901842.676424
3.0376331565521792,16.056656731182642,0,1666901842.7125685
3.110356573827526,15.538545930677106,0,1666901842.743911
2.2295606151244565,15.676277985631227,0,1666901842.7769666
2.355908592007726,15.448053639329688,0,1666901842.8100698
2.726446776081464,15.532502573787466,0,1666901842.840215
1.501045654777385,15.51614698211727,0,1666901842.8722842
2.588558136159832,15.188653125429198,0,1666901842.9094338
0.8955414189028603,15.429133628074736,0,1666901842.9405484
1.60855035846629,15.185607270730191,0,1666901842.9726691
1.3307246556856087,15.005111832322362,0,1666901843.0045447
1.642707414440143,14.555752185419705,0,1666901843.035547
2.1495936921360155,14.233680257675672,0,1666901843.0719626
2.1887780344248218,14.391745684078023,0,1666901843.1060364
1.560910258181478,14.38514126547714,0,1666901843.1457663
2.9738085784438097,14.035019322839904,0,1666901843.1793091
3.571236822696228,13.909853041345338,0,1666901843.210176
2.1328150493406186,14.103106281180201,0,1666901843.2421286
2.8522788363463105,13.923418612287838,0,1666901843.2715905
2.9655695470530636,13.767977402836504,0,1666901843.3012471
2.959422804309648,13.593027968498355,0,1666901843.3376958
3.5622579742313114,13.46532941933639,0,1666901843.3842583
3.4917908868091803,13.44976340844774,0,1666901843.4142265
4.081787408487087,13.274366313737708,0,1666901843.4457228
4.917970042847259,12.983415425332309,0,1666901843.476567
4.014253842348741,13.295352001770086,0,1666901843.506251
4.0380482003166005,13.344287800825095,0,1666901843.5379858
4.347320348573226,13.314147393834753,0,1666901843.5783246
4.1822396348299025,13.41248956378463,0,1666901843.6092978
3.8368927649521414,13.401499964138097,0,1666901843.6387837
5.099893523404058,13.18496388703305,0,1666901843.668508
4.094477664531252,13.31736316585468,0,1666901843.7065902
4.84835515668168,13.340158011027183,0,1666901843.7362676
4.222035094543481,13.601947723564578,0,1666901843.7681625
4.261228968959101,13.698865516280902,0,1666901843.80681
4.454799870236006,13.690451971252024,0,1666901843.8373983
3.890497537504365,13.916340495133326,0,1666901843.869025
4.004645433245334,13.949857393620736,0,1666901843.9041815
3.9939276236867314,14.04991756029945,0,1666901843.9381707
4.358187185459179,14.067284627033331,0,1666901843.9682984
3.991898862138751,14.345467875150975,0,1666901844.0014534
3.940752698375442,14.470707527656655,0,1666901844.0386834
4.494351118569605,14.41001400265478,0,1666901844.0745785
4.803124307886924,14.500011325387169,0,1666901844.1052313
4.357436616476792,14.748463961231264,0,1666901844.1412144
5.032161975285476,14.581251520210943,0,1666901844.186245
4.975210821243133,14.669670200932861,0,1666901844.218174
4.879919760808801,14.5830656001585,0,1666901844.2472787
4.689210924288416,14.566675843209048,0,1666901844.277365
5.055348943390257,14.28674321515386,0,1666901844.3123817
4.48151194065877,14.247350697619757,0,1666901844.346311
4.160332712899099,13.994794079827892,0,1666901844.3820934
4.072796952440601,13.770515516887123,0,1666901844.413203
4.3248563970243845,13.55810639230856,0,1666901844.446636
4.242226745552494,13.317532752278632,0,1666901844.477332
3.662345073911462,13.285554874645843,0,1666901844.5113025
3.8129619806959107,13.01354442837196,0,1666901844.550591
3.469044473460529,12.98018178066596,0,1666901844.5876026
3.4623959496811247,12.944177289072208,0,1666901844.618399
3.01517661232916,12.873767451281118,0,1666901844.646837
2.9441192441059205,12.820819261995368,0,1666901844.6776092
3.004877541297716,12.675112551832344,0,1666901844.7125247
2.432857656501323,12.741514198530693,0,1666901844.7453814
2.2529711018268443,12.679161432735775,0,1666901844.7794228
2.5162291939427055,12.479069073128755,0,1666901844.8110874
3.3119842635694963,12.184839335924643,0,1666901844.8443844
3.0495843543294066,12.074023263146508,0,1666901844.8754203
3.20581343597162,11.936924563470855,0,1666901844.9086616
2.8791727812317025,11.87047937878416,0,1666901844.9442956
3.828906205822639,11.59717362833511,0,1666901844.976294
3.1673209353881897,11.724417924179358,0,1666901845.0099506
4.581172876989885,11.293132872147728,0,1666901845.038548
3.7733538271893567,11.50234240315348,0,1666901845.0793047
4.094637645292607,11.345979619208064,0,1666901845.1122465
4.587233164622149,11.192779003575408,0,1666901845.1462939
4.41886808558326,11.179136056247026,0,1666901845.1779068
4.07252934163946,11.034262828046133,0,1666901845.2144911
4.266364859414834,10.912388114136276,0,1666901845.2485082
4.8997071431711,10.566087664410409,0,1666901845.2775333
5.789866959304044,10.448283715428452,0,1666901845.3073285
4.463387733642499,10.758966650109981,0,1666901845.3374124
4.96868296650542,10.543961047328722,0,1666901845.3732798
4.914708542471271,10.687992496247126,0,1666901845.4091568
5.151654053342085,10.850138860283144,0,1666901845.4406147
5.75838602273196,10.819632911414628,0,1666901845.4718275
5.780838017583649,10.969141172237366,0,1666901845.5039809
5.8360616336912745,11.018044682126218,0,1666901845.5864172
5.96261977171216,10.929418109000036,0,1666901845.6175036
6.213730089029752,10.984961198750847,0,1666901845.6464844
5.6747108666556,10.941801947524995,0,1666901845.6762536
5.631332536278529,11.07502256935222,0,1666901845.7134807
4.983903943797459,11.083875952501112,0,1666901845.7504969
5.232502669753595,11.001751604641399,0,1666901845.7825975
4.741710692792021,10.830956918854403,0,1666901845.814641
4.979367345475125,10.881726360418023,0,1666901845.8505552
4.71880253706076,11.017383630335647,0,1666901845.8900506
5.375614731850514,10.768979525564093,0,1666901845.922173
5.080391694760086,10.725313493934005,0,1666901845.9543986
4.6386135671000215,11.055846761795916,0,1666901845.9897666
4.831118078398815,10.898275901252163,0,1666901846.0224473
4.453060855391516,11.025584818186093,0,1666901846.0594187
4.237907456543008,10.82008995271909,0,1666901846.096339
4.405612906513225,10.942654222490182,0,1666901846.129662
4.195137355158386,11.027979832914347,0,1666901846.1626444
4.660828349256428,10.905900997127526,0,1666901846.1937447
4.72238507919045,10.879394209949671,0,1666901846.2280056
4.1966665701839965,11.00494285808249,0,1666901846.2591047
4.259712187575959,11.06183231523755,0,1666901846.296177
4.31760534904478,10.967719295357838,0,1666901846.3339834
4.871784093102591,10.84007820872538,0,1666901846.36743
4.202027337751657,11.006829104470409,0,1666901846.4005964
4.191899768387064,11.055228376843809,0,1666901846.4374504
4.228661281212115,10.971892248243744,0,1666901846.474187
4.353448107257181,11.08217519656428,0,1666901846.5058272
4.80099829589739,11.059480780513258,0,1666901846.5387108
4.296718338093506,11.254422388695495,0,1666901846.5716279
4.846432840512797,11.053145696561678,0,1666901846.6138313
4.361994364823479,11.19594395019151,0,1666901846.647921
4.218408546263578,11.261142786542147,0,1666901846.6792922
3.818593945872471,11.307313528747992,0,1666901846.7127821
4.280273457901998,11.336657444467665,0,1666901846.748624
4.074931256924992,11.319107801598738,0,1666901846.782337
4.425244985377119,11.374070666071125,0,1666901846.8133674
4.47412208564301,11.325236765070263,0,1666901846.845704
4.228385928285217,11.421811035561378,0,1666901846.8810277
3.774772043477811,11.333699036974117,0,1666901846.9136565
3.8752558611899968,11.16548821466469,0,1666901846.945951
3.4516885615987674,11.421202917854014,0,1666901846.9798331
3.6521516010682444,11.264547431575123,0,1666901847.0175898
2.856676220436605,11.285363090048568,0,1666901847.0491543
2.6957187850332693,11.34757594147286,0,1666901847.0804124
3.3941351226960217,11.196905486927895,0,1666901847.1131396
3.4322165117975123,11.190085629537169,0,1666901847.1442754
2.440236999062876,11.430950901562015,0,1666901847.173765
3.266545164102259,11.289024316168952,0,1666901847.2054572
3.247161841876802,11.351501345993055,0,1666901847.2425575
2.7719925380132144,11.476031921286085,0,1666901847.2813082
2.937726023798068,11.526696728956455,0,1666901847.3174694
2.357049817504837,11.759869165177982,0,1666901847.3561006
2.2587481213624994,11.782505009642955,0,1666901847.3937294
3.0480538113814357,11.562221597164598,0,1666901847.4293597
2.941959072838069,11.63853263360227,0,1666901847.463481
4.005125130112947,11.281776247151507,0,1666901847.4966054
4.560661887512491,11.017387530793954,0,1666901847.5356793
5.596869204487059,10.949011057047496,0,1666901847.5727422
5.811881915676115,10.974215258235734,0,1666901847.604712
5.485612644086488,11.152497154588987,0,1666901847.6358967
5.955801629005097,11.00021778861042,0,1666901847.6685956
6.313298116666319,10.947479096936178,0,1666901847.6992068
6.239610010627744,11.018991847717531,0,1666901847.7288759
6.051627646158331,11.010839889680478,0,1666901847.7627668
5.9565944362511605,11.310767999644133,0,1666901847.7931454
6.702932688218405,11.085655220931253,0,1666901847.8291202
6.591803408805968,11.196473317141765,0,1666901847.8633797
7.166160887622041,11.051403349220754,0,1666901847.8972216
6.680398298697942,11.102938223027722,0,1666901847.9302976
6.645113319022058,11.200547668016265,0,1666901847.961309
6.282006015169043,11.269688821899388,0,1666901847.992489
6.4720846720364005,11.133086346972851,0,1666901848.0354836
6.233179262777562,11.320394399799685,0,1666901848.069367
6.670164993142619,11.061862748471464,0,1666901848.0982904
5.998369908594031,11.163469566335143,0,1666901848.1306684
5.773573643212019,11.28787704604821,0,1666901848.1609085
5.8363222205069984,11.236717522012148,0,1666901848.1923506
6.418701356231603,11.099696337155073,0,1666901848.228893
6.354932649261855,10.94243802318638,0,1666901848.2690043
5.597379419369931,11.216243898591323,0,1666901848.3024871
5.693342511438936,11.339226893448732,0,1666901848.330951
5.494327712865837,11.334284267782188,0,1666901848.3649154
5.761016218715104,11.297418049402662,0,1666901848.3964834
5.541734108892345,11.307086254187377,0,1666901848.4271913
5.465838854060545,11.4589170864074,0,1666901848.4610457
5.566062739654397,11.384710054201935,0,1666901848.4957826
5.871800702811721,11.218884354610058,0,1666901848.5280468
5.223372293068788,11.409769944002898,0,1666901848.5612278
5.379504031452978,11.339440512067306,0,1666901848.598264
5.462341289718063,11.26544454394678,0,1666901848.6294274
5.418862412507425,11.381255850533282,0,1666901848.6619809
5.559521600698419,11.406283597877152,0,1666901848.6964161
5.313935488415876,11.494062063412937,0,1666901848.728722
5.174569722601795,11.347804307245477,0,1666901848.7604442
5.63474285968927,11.1790192386451,0,1666901848.7949848
4.8413616080715425,11.506855207126831,0,1666901848.8306744
5.005618561343829,11.440779170026877,0,1666901848.8678627
4.698988273512236,11.590536501282777,0,1666901848.9052389
4.677472987241246,11.675268100098794,0,1666901848.9366221
4.546334945488035,11.706816282099492,0,1666901848.970232
5.056694951040321,11.53496046341642,0,1666901849.008282
4.628817794868315,11.676372754309472,0,1666901849.0458171
5.283326257330573,11.565152860427935,0,1666901849.0778651
5.226895349798154,11.570800337309207,0,1666901849.1117525
5.2740934476913806,11.569884936909903,0,1666901849.1462085
4.999962005254458,11.663010982242715,0,1666901849.1857882
4.911332139749778,11.614673826966781,0,1666901849.2186635
5.322380369028196,11.481587829324436,0,1666901849.250095
5.30828539384819,11.468868456973883,0,1666901849.2845924
5.118903817367946,11.57781753685282,0,1666901849.3245065
4.902275175412477,11.540443546644395,0,1666901849.3605149
6.03316335615063,11.307723696717186,0,1666901849.3960946
4.601174307402636,11.658955390244536,0,1666901849.430416
5.386974388835995,11.551812081429176,0,1666901849.4640489
5.103345600709286,11.562981402553875,0,1666901849.4971383
4.668658139377214,11.803191615606265,0,1666901849.5311363
4.8375996280499125,11.811809729329282,0,1666901849.5638044
4.670532959200161,11.924263338986577,0,1666901849.5987968
5.135586362606543,11.795804582199116,0,1666901849.6326349
5.475009139611382,11.803807977035932,0,1666901849.6648247
5.537525275962443,11.74067309137097,0,1666901849.7012787
5.153580357391576,11.94221484349337,0,1666901849.73742
5.217013926735803,11.871888509644565,0,1666901849.768348
5.502106608362936,11.794570696752633,0,1666901849.8021514
5.2004844889253246,11.849577115928023,0,1666901849.8418791
5.6603849350069675,11.697422592734148,0,1666901849.8752205
5.0424391922514324,11.832661352999349,0,1666901849.9078357
5.293987135337261,11.628196795424897,0,1666901849.9378111
5.441669697229591,11.651833663045025,0,1666901849.968953
4.94614184990919,11.629767942992412,0,1666901850.0004387
5.253492759224882,11.626495274239886,0,1666901850.0327635
5.152200470651123,11.734028689183585,0,1666901850.0679202
5.010767506122287,11.835903928223537,0,1666901850.10391
4.91079574501244,11.842443884801641,0,1666901850.1349444
4.956691818946642,11.804249657336639,0,1666901850.1653085
4.991397597384644,11.810573871563705,0,1666901850.195974
4.618118571639028,11.805578078917653,0,1666901850.2313101
4.842857666753998,11.763725449644403,0,1666901850.2653694
5.037207674118946,11.749570836159192,0,1666901850.3007975
5.101439307546939,11.592870323742675,0,1666901850.33585
4.865112178786547,11.739472096571612,0,1666901850.3688269
4.820236139929737,11.778986105394289,0,1666901850.4017992
4.7347713486217415,11.877709420514087,0,1666901850.4350116
5.516240934073905,11.602758053691108,0,1666901850.4697154
4.489415748775925,11.87946655172541,0,1666901850.4990306
4.7643856575411085,11.855172712473655,0,1666901850.530424
4.816709695084426,11.692987751300214,0,1666901850.5627997
5.45575305664906,11.602941290346363,0,1666901850.594672
4.908025216923179,11.665558821083957,0,1666901850.6333566
4.5739952368639365,11.8076234366391,0,1666901850.6725032
5.557920228986914,11.558471188239336,0,1666901850.7054577
4.514688970986584,11.785480912863978,0,1666901850.740584
4.930269697982542,11.712361390730756,0,1666901850.7724898
4.908025174903422,11.762169393090113,0,1666901850.8101244
4.180254692140841,11.889366392755745,0,1666901850.8446307
4.479899492375338,11.80372378171228,0,1666901850.8767693
4.085627039268593,12.082674428981553,0,1666901850.912527
4.591408314364949,11.838857678632676,0,1666901850.953518
4.250945610812152,11.947057151538521,0,1666901850.985555
4.413832795924552,11.896800347117194,0,1666901851.0155523
4.556502208118026,11.875881143901868,0,1666901851.0475156
4.244514905074467,11.840298190400727,0,1666901851.0783026
4.178252207069797,11.997641188192551,0,1666901851.112533
4.882647508836833,11.746620136367998,0,1666901851.1446397
4.077610988296391,11.966185621524268,0,1666901851.1797523
4.138010079606838,12.027482199418158,0,1666901851.2131593
4.57665995812607,11.88007595029498,0,1666901851.248588
4.373109548362463,12.01523150395131,0,1666901851.2799342
4.602392975205911,11.9025342327222,0,1666901851.3176434
4.792933840827261,11.93914516631264,0,1666901851.3522782
4.454672390587026,12.131285476889978,0,1666901851.383695
4.331680397849856,12.032373183166158,0,1666901851.4170866
4.750107915869911,11.970084885755734,0,1666901851.4546194
4.911386650311921,12.015010847681502,0,1666901851.4885318
5.059228346597411,11.97093893870385,0,1666901851.5248168
4.346640637569821,12.12541163260822,0,1666901851.5557673
4.391237342907501,12.204715436882598,0,1666901851.5906096
4.932720065881616,12.031256149302763,0,1666901851.6266747
4.940946169249852,12.084316372283931,0,1666901851.6617439
4.603876340456556,12.22727403220025,0,1666901851.6946027
4.346125380504094,12.356934580708582,0,1666901851.7259545
4.366877926304657,12.420645519446596,0,1666901851.7577982
4.756453715630125,12.3385975533663,0,1666901851.7916107
4.085023351293211,12.600685111328703,0,1666901851.8255877
3.8366648435342143,12.66782656325551,0,1666901851.860727
3.825455964357841,12.753017856591953,0,1666901851.8957953
4.157653977579897,12.665742063617971,0,1666901851.9270065
3.9992440521890855,12.829643747949955,0,1666901851.9613526
4.356020656246208,12.78262213183365,0,1666901851.9979563
3.565237985867111,13.015633778056452,0,1666901852.0315309
3.500489612822215,13.103705182459727,0,1666901852.0678341
3.417819294515629,13.055892032609348,0,1666901852.098728
3.317427718142614,12.94738295276981,0,1666901852.130781
3.5987501328139557,12.92852236169427,0,1666901852.16778
3.0775024623511027,12.970193175738709,0,1666901852.201272
2.580988357355772,12.673137620037656,0,1666901852.2432084
2.292522271833658,12.522941341707313,0,1666901852.2785184
2.5697724292839226,12.204902195922584,0,1666901852.314285
2.2335514086816612,12.057262151265157,0,1666901852.3464482
2.2196784044867752,11.819623296139929,0,1666901852.3790846
2.4552729121038,11.656415425825669,0,1666901852.4182944
3.440476887264339,11.328930113260393,0,1666901852.4531202
3.695351059552772,11.11556375457755,0,1666901852.4868517
4.5312335171589435,11.017495576739666,0,1666901852.5204282
4.855269403473769,10.991624843492215,0,1666901852.5590405
5.344170887544021,11.037373049933214,0,1666901852.5962734
6.130426021720872,11.121365813033234,0,1666901852.632542
6.541186267734826,11.31328915355709,0,1666901852.668982
6.742114789999612,11.619014957519195,0,1666901852.7109802
7.175997465280295,11.86560881966367,0,1666901852.7483878
7.042685616995245,12.237115686537793,0,1666901852.7793083
7.120307261963067,12.951200664262506,0,1666901852.810758
7.1007334157521,13.155520263495946,0,1666901852.8453271
6.905018628735341,13.357764476859556,0,1666901852.8831987
7.340388871982798,13.299587737419863,0,1666901852.9132318
7.23452966912163,13.195229300204197,0,1666901852.9443746
7.519791910637961,13.075429604535909,0,1666901852.977295
7.363246348654837,13.08655269069393,0,1666901853.0094676
7.430865992775908,12.924480129882815,0,1666901853.0474107
7.487938139598936,12.710683657489614,0,1666901853.0792027
7.353371017779112,12.552941111142161,0,1666901853.1120372
7.53338852475546,12.375784182078137,0,1666901853.1460378
7.108613917294186,12.384031853495731,0,1666901853.1767282
6.750725755945533,12.323616090130288,0,1666901853.2100034
6.367580951932208,12.361619675406116,0,1666901853.2476277
6.781281777979252,12.114187056686673,0,1666901853.279452
6.167649404138907,12.227232995729729,0,1666901853.3154786
6.144177712373391,12.241380892640015,0,1666901853.3500655
6.101553584463808,12.343614515836371,0,1666901853.3852928
6.229688380527641,12.29888714003325,0,1666901853.4275792
6.359689823852244,12.22810360146072,0,1666901853.4618702
6.681414654404022,12.15905870127996,0,1666901853.494032
6.815443711799898,12.291302830472082,0,1666901853.5318663
6.484373705176162,12.298310468976675,0,1666901853.569017
6.669637631734384,12.267876718953618,0,1666901853.6129804
6.8756252483310325,12.221491496314467,0,1666901853.6453025
6.728690690240401,12.335085264973735,0,1666901853.6792207
6.854786958621304,12.261024196190293,0,1666901853.711775
6.396534646400608,12.214593611807558,0,1666901853.7458532
6.551579191745568,12.25183046213099,0,1666901853.7749722
6.359547058358934,12.327279637216305,0,1666901853.8098795
6.817778117243077,12.077758214137733,0,1666901853.8460183
7.019788838663818,12.01928245371945,0,1666901853.8817267
6.569947434485559,12.10646032137265,0,1666901853.9152582
6.840544450791394,12.05441372237849,0,1666901853.9512093
6.8510357621437885,11.988102486738125,0,1666901853.9861453
6.22535958281215,12.04792959965649,0,1666901854.0177612
6.476275852992044,11.883908797798759,0,1666901854.0751247
6.322570494515793,11.991977109216633,0,1666901854.1135356
5.796724539034983,12.158495937272281,0,1666901854.1468449
5.851474676031431,12.07763187588232,0,1666901854.1859705
6.3453310312214635,12.071940465166465,0,1666901854.2192688
6.447850499103015,12.210176224013791,0,1666901854.2528307
6.417260862507561,12.431412378166584,0,1666901854.2899263
6.821757001789162,12.508789225278186,0,1666901854.3209677
7.176547017535958,12.56110883459554,0,1666901854.3524826
7.4371062009770945,12.663767184251554,0,1666901854.3853054
8.035131710257021,12.732458175012066,0,1666901854.4208293
8.310616307035957,12.794988492621865,0,1666901854.4612548
7.897497131275808,13.063848470995964,0,1666901854.4999683
8.26323682096764,12.943028001102062,0,1666901854.5320392
8.514815918525615,13.055612939623323,0,1666901854.5632534
8.457724183529727,13.138542052447654,0,1666901854.5928702
8.726356611803682,13.161303876909038,0,1666901854.6267164
9.116109694718865,13.06407882973506,0,1666901854.6598046
8.928466557184795,13.167788900346466,0,1666901854.695871
9.817130129422033,12.995317120318669,0,1666901854.7297878
9.946017896864962,13.015348880818616,0,1666901854.768
9.646261721147296,13.210446726379441,0,1666901854.8013139
9.588312442209943,13.246116059833133,0,1666901854.8376837
9.86048615361714,13.138205543492244,0,1666901854.8712232
9.76458183689948,13.269346907937095,0,1666901854.9047387
9.600585645247596,13.456316423804381,0,1666901854.946083
9.2253791082985,13.702441975231984,0,1666901854.9806666
9.326759099232163,13.979260030241829,0,1666901855.0146437
9.553956585985183,14.022858136201013,0,1666901855.0449831
9.576938755929204,14.082678094159144,0,1666901855.0879629
9.351868297840381,14.073520621328202,0,1666901855.123788
9.181819861241719,13.944617012024237,0,1666901855.1557603
9.340794319702077,13.875134333123489,0,1666901855.1878822
9.273161917859973,13.880505520589201,0,1666901855.2223268
8.660571735392747,14.024243394825163,0,1666901855.2530594
8.88274225386133,13.974009495610039,0,1666901855.2869868
8.500781384769171,14.072377371923299,0,1666901855.325999
8.607798098698074,14.15203356647918,0,1666901855.3629048
8.181342532823155,14.287810223681804,0,1666901855.3968701
7.759719126244849,14.538275104888523,0,1666901855.4328246
7.96681047069033,14.59289478326975,0,1666901855.468557
7.942004655271535,14.620392478580158,0,1666901855.5029671
7.757012912719641,14.680382158685983,0,1666901855.53798
7.4356655830962755,14.746497009787072,0,1666901855.5708375
7.427768961185535,14.626632359084057,0,1666901855.6100137
7.611237175236003,14.718734615563829,0,1666901855.6469557
7.293853386337343,14.691436138769557,0,1666901855.683618
7.5447725916544375,14.692530102949297,0,1666901855.7219658
7.71344951087529,14.87743549234409,0,1666901855.7567573
7.192664332178776,14.988628013757582,0,1666901855.7978861
7.747608510009789,14.851880736745333,0,1666901855.832119
7.741757382478346,14.900464665833233,0,1666901855.8655262
7.0490108890307726,15.045132069196068,0,1666901855.8959653
7.16627733142985,14.942228386692555,0,1666901855.9296765
7.239732251691745,14.998439612626122,0,1666901855.9638388
7.315895246810197,14.869438303399678,0,1666901855.9969754
6.90730047549237,15.011202835831659,0,1666901856.038126
7.09099910127466,14.969152605726235,0,1666901856.0706701
7.34100200143139,15.076613247937763,0,1666901856.10276
7.407310168499971,15.01352949336792,0,1666901856.135784
7.4156525072358725,15.175785177226057,0,1666901856.1678643
7.251485693791336,15.420590066982523,0,1666901856.198209
7.012651715934303,15.532914411118211,0,1666901856.2317843
6.721185429103738,15.582131379485011,0,1666901856.2641594
6.655573064670591,15.64684985658349,0,1666901856.2961292
6.749875006037796,15.700949195211292,0,1666901856.3338363
6.666964720687792,15.77841310228699,0,1666901856.3688326
6.565783403129085,15.894203778286,0,1666901856.409791
6.570300525556159,16.015965065741796,0,1666901856.4421642
6.73371889462538,15.995378669668733,0,1666901856.4737694
6.955707085212843,16.090938086479643,0,1666901856.505789
6.844216521479868,16.242474749038887,0,1666901856.539612
6.529395601963924,16.389025397779452,0,1666901856.574386
6.637447039683495,16.205999038572173,0,1666901856.6098688
7.043827688379015,16.26546992703349,0,1666901856.6431487
6.347824024044213,16.337845637721017,0,1666901856.6767993
6.609421059580098,16.33560889044021,0,1666901856.7127857
6.386379745108833,16.419844079359336,0,1666901856.7468321
6.3980442737207195,16.39753722913479,0,1666901856.7807226
6.520280404506512,16.19843374693583,0,1666901856.8181758
6.124882442923312,16.45403358448047,0,1666901856.8529215
6.72905795906207,16.319422169707224,0,1666901856.8862123
5.941115317900308,16.541273810513413,0,1666901856.9209473
6.23735229502504,16.592474998013703,0,1666901856.9543076
6.380851267854249,16.564449857757104,0,1666901856.9860692
6.033906509104834,16.717930563817088,0,1666901857.0206609
5.7271528621146075,16.72454592673549,0,1666901857.0623882
5.844749261736308,16.729012499391935,0,1666901857.1010044
5.539215877662218,16.771172961649732,0,1666901857.1380286
6.1275007165578925,16.744498039986123,0,1666901857.1775415
5.565750238628192,16.723320945700124,0,1666901857.2125456
5.436527803155478,16.760091642644934,0,1666901857.254163
5.109595293496538,16.85964626488444,0,1666901857.2856624
5.079235159902293,16.838228091316466,0,1666901857.328764
4.875866915648475,16.945806073539043,0,1666901857.3638046
4.990142304991318,16.939871439577324,0,1666901857.4001498
4.419212205716168,16.950945679736726,0,1666901857.4367993
5.242507341354717,16.876940857371977,0,1666901857.4689991
4.577795712216067,17.042587946191663,0,1666901857.5032735
4.732075676355496,16.94802309282576,0,1666901857.5378735
4.485440260696304,16.92999442245218,0,1666901857.5759163
4.688939818539585,16.970729743072592,0,1666901857.6097386
